step	accuracy
0	0.6797000169754028
1	0.7537000179290771
2	0.8029999732971191
