step	accuracy
0	0.7990999817848206
1	0.8661999702453613
