step	loss
0	0.6027418971061707
1	0.4013746678829193
