step	loss
0	0.9219843745231628
1	0.7415621280670166
2	0.5637718439102173
