{
    "train": {
        "loss": 0.7379229664802551,
        "accuracy": 0.7430800199508667
    },
    "eval": {
        "loss": 0.5637718439102173,
        "accuracy": 0.8029999732971191
    },
    "step": 2,
    "test_loss": 0.9504682421684265,
    "test_acc": 0.680899977684021
}
