{
    "train": {
        "loss": 0.5846369862556458,
        "accuracy": 0.7962999939918518
    },
    "eval": {
        "loss": 0.4013746678829193,
        "accuracy": 0.8661999702453613
    },
    "step": 1,
    "test_loss": 1.0090409517288208,
    "test_acc": 0.6747999787330627
}
