step	accuracy
0	0.7379500269889832
1	0.7962999939918518
