step	accuracy
0	0.5394200086593628
1	0.6830400228500366
2	0.7430800199508667
