step	loss
0	1.2931560277938843
1	0.9108421802520752
2	0.7379229664802551
