step	loss
0	0.7553655505180359
1	0.5846369862556458
